{"cameraMode":{"drawMode":0,"name":"Shaded","section":"Shading Mode"},"sceneLighting":false,"audioPlay":false,"sceneViewState":{"m_AlwaysRefresh":false,"showFog":true,"showSkybox":false,"showFlares":true,"showImageEffects":true,"showParticleSystems":true,"showVisualEffectGraphs":true,"m_FxEnabled":true},"in2DMode":false,"pivot":{"x":1.9609659910202027,"y":0.28234273195266726,"z":-0.03691816329956055},"rotation":{"x":-0.0943741425871849,"y":-0.07846754044294357,"z":0.00746776582673192,"w":-0.9924248456954956},"size":0.900692880153656,"orthographic":false}