{"cameraMode":{"drawMode":0,"name":"Shaded","section":"Shading Mode"},"sceneLighting":false,"audioPlay":false,"sceneViewState":{"m_AlwaysRefresh":false,"showFog":true,"showSkybox":false,"showFlares":true,"showImageEffects":true,"showParticleSystems":true,"showVisualEffectGraphs":true,"m_FxEnabled":true},"in2DMode":false,"pivot":{"x":-0.000020680949091911316,"y":0.013846853747963906,"z":-0.0007383634801954031},"rotation":{"x":-0.21954700350761414,"y":0.633043110370636,"z":-0.19395789504051209,"w":-0.7165558934211731},"size":0.018013954162597657,"orthographic":false}